-- Create the database
CREATE DATABASE IF NOT EXISTS UniversityCourses;
USE UniversityCourses;

-- Create tables
CREATE TABLE IF NOT EXISTS Universities (
    universityAbbr VARCHAR(10) PRIMARY KEY,
    universityName VARCHAR(255) NOT NULL
);

CREATE TABLE IF NOT EXISTS Colleges (
    collegeAbbr VARCHAR(10) PRIMARY KEY,
    collegeName VARCHAR(255) NOT NULL,
    universityAbbr VARCHAR(10),
    FOREIGN KEY (universityAbbr) REFERENCES Universities(universityAbbr)
);

CREATE TABLE IF NOT EXISTS Courses (
    id INT AUTO_INCREMENT PRIMARY KEY,
    courseAbbr VARCHAR(100) UNIQUE,
    courseName VARCHAR(255) NOT NULL,
    collegeAbbr VARCHAR(10),
    minimum_points INT,
    deleted BOOLEAN DEFAULT false,
    grade_scale VARCHAR(255),
    FOREIGN KEY (collegeAbbr) REFERENCES Colleges(collegeAbbr)
);

CREATE TABLE IF NOT EXISTS RequiredCombinations (
    id INT AUTO_INCREMENT PRIMARY KEY,
    courseAbbr VARCHAR(100),
    combination_short VARCHAR(10),
    combination_long VARCHAR(255),
    FOREIGN KEY (courseAbbr) REFERENCES Courses(courseAbbr)
);

CREATE TABLE IF NOT EXISTS SpecificRequirements (
    id INT AUTO_INCREMENT PRIMARY KEY,
    courseAbbr VARCHAR(100),
    subject VARCHAR(255),
    grade VARCHAR(2),
    FOREIGN KEY (courseAbbr) REFERENCES Courses(courseAbbr)
);

-- Insert universities
INSERT IGNORE INTO Universities (universityAbbr, universityName) VALUES
('UDSM', 'University of Dar es Salaam'),
('UDOM', 'The University of Dodoma');

-- Insert colleges
INSERT IGNORE INTO Colleges (collegeAbbr, collegeName, universityAbbr) VALUES
('CoAF', 'College of Agricultural Sciences and Food Technology', 'UDSM'),
('CoET', 'College of Engineering and Technology', 'UDSM'),
('CoHU', 'College of Humanities', 'UDSM'),
('CoICT', 'College of Information and Communication Technologies', 'UDSM'),
('CoNAS', 'College of Natural and Applied Sciences', 'UDSM'),
('CoSS', 'College of Social Sciences', 'UDSM'),
('SoAF', 'School of Aquatic Sciences and Fisheries Technology', 'UDSM'),
('UDBS', 'University of Dar es Salaam Business School', 'UDSM'),
('SoED', 'School of Education', 'UDSM'),
('UDSM-MCHAS', 'University of Dar es Salaam Mbeya College of Health and Allied Sciences', 'UDSM'),
('UDSOL', 'University of Dar es Salaam School of Law', 'UDSM'),
('UDSE', 'University of Dar es Salaam School of Economics', 'UDSM'),
('SJMC', 'School of Journalism and Mass Communication', 'UDSM'),
('IDS', 'Institute of Development Studies', 'UDSM'),
('IKS', 'Institute of Kiswahili Studies', 'UDSM'),
('IMS', 'Institute of Marine Sciences', 'UDSM'),
('SoMG', 'School of Mines and Geosciences', 'UDSM'),
('UDSM-MRI', 'University of Dar es Salaam Mineral Resources Institute', 'UDSM'),
('DUCE', 'Dar es Salaam University College of Education', 'UDSM'),
('MUCE', 'Mkwawa University College of Education', 'UDSM'),
('COBE', 'College of Business and Economics', 'UDOM'),
('CHAS', 'College of Health and Allied Sciences', 'UDOM'),
('CLGS', 'College of Law and Governance Studies', 'UDOM'),
('CIVE', 'College of Informatics and Virtual Education', 'UDOM'),
('CNMS', 'College of Natural and Mathematical Sciences', 'UDOM'),
('CED', 'College of Education', 'UDOM'),
('CHSS', 'College of Humanities and Social Sciences', 'UDOM'),
('CESE', 'College of Earth Sciences and Engineering', 'UDOM');

-- Insert courses (truncated for brevity, full version would contain all courses)
INSERT IGNORE INTO Courses (courseAbbr, courseName, collegeAbbr, minimum_points, grade_scale) VALUES
('BSc Agric Econ & Bus', 'Bachelor of Science in Agricultural Economics and Business', 'CoAF', 4, 'A=5, B=4, C=3, D=2, E=1'),
('BSc Agric Eng', 'Bachelor of Science in Agricultural Engineering', 'CoAF', 4, 'A=5, B=4, C=3, D=2, E=1'),
('BSc Crop Sci & Beekeeping', 'Bachelor of Science in Crop Sciences and Beekeeping Technology', 'CoAF', 4, 'A=5, B=4, C=3, D=2, E=1'),
('BSc Food Sci & Tech', 'Bachelor of Science in Food Science and Technology', 'CoAF', 4, 'A=5, B=4, C=3, D=2, E=1'),
('BSc Civil Eng', 'Bachelor of Science in Civil Engineering', 'CoET', 4, 'A=5, B=4, C=3, D=2, E=1'),
('BSc Electrical Eng', 'Bachelor of Science in Electrical Engineering', 'CoET', 4, 'A=5, B=4, C=3, D=2, E=1'),
('BSc Chem & Proc Eng', 'Bachelor of Science in Chemical and Process Engineering', 'CoET', 4, 'A=5, B=4, C=3, D=2, E=1'),
('BSc Mech & Ind Eng', 'Bachelor of Science in Mechanical and Industrial Engineering', 'CoET', 4, 'A=5, B=4, C=3, D=2, E=1'),
('BA Creative Arts', 'Bachelor of Arts in Creative Arts', 'CoHU', 4, 'A=5, B=4, C=3, D=2, E=1'),
('BA Lang & Ling', 'Bachelor of Arts in Foreign Languages and Linguistics', 'CoHU', 4, 'A=5, B=4, C=3, D=2, E=1'),
('BSc Comp Sci', 'Bachelor of Science in Computer Science', 'CoICT', 4, 'A=5, B=4, C=3, D=2, E=1'),
('BSc Elec & Telecomm Eng', 'Bachelor of Science in Electronics and Telecommunications Engineering', 'CoICT', 4, 'A=5, B=4, C=3, D=2, E=1'),
('BSc Botany', 'Bachelor of Science in Botany', 'CoNAS', 4, 'A=5, B=4, C=3, D=2, E=1'),
('BSc Chemistry', 'Bachelor of Science in Chemistry', 'CoNAS', 4, 'A=5, B=4, C=3, D=2, E=1'),
('BSc Petroleum Chem', 'Bachelor of Science in Petroleum Chemistry', 'CoNAS', 4, 'A=5, B=4, C=3, D=2, E=1'),
('BSc Mathematics', 'Bachelor of Science in Mathematics', 'CoNAS', 4, 'A=5, B=4, C=3, D=2, E=1'),
('BSc Mol Bio & Biotech', 'Bachelor of Science in Molecular Biology and Biotechnology', 'CoNAS', 4, 'A=5, B=4, C=3, D=2, E=1'),
('BSc Physics', 'Bachelor of Science in Physics', 'CoNAS', 4, 'A=5, B=4, C=3, D=2, E=1'),
('BSc Zoo & Wildlife Cons', 'Bachelor of Science in Zoology and Wildlife Conservation', 'CoNAS', 4, 'A=5, B=4, C=3, D=2, E=1'),
('BA Geography', 'Bachelor of Arts in Geography', 'CoSS', 4, 'A=5, B=4, C=3, D=2, E=1'),
('BA Pol Sci & Pub Admin', 'Bachelor of Arts in Political Science and Public Administration', 'CoSS', 4, 'A=5, B=4, C=3, D=2, E=1'),
('BA Sociology', 'Bachelor of Arts in Sociology and Anthropology', 'CoSS', 4, 'A=5, B=4, C=3, D=2, E=1'),
('BA Statistics', 'Bachelor of Arts in Statistics', 'CoSS', 4, 'A=5, B=4, C=3, D=2, E=1'),
('BSc Aquatic Sci & Fisheries', 'Bachelor of Science in Aquatic Sciences and Fisheries Technology', 'SoAF', 4, 'A=5, B=4, C=3, D=2, E=1'),
('BCom Accounting', 'Bachelor of Commerce in Accounting', 'UDBS', 4, 'A=5, B=4, C=3, D=2, E=1'),
('BCom Finance', 'Bachelor of Commerce in Finance', 'UDBS', 4, 'A=5, B=4, C=3, D=2, E=1'),
('BCom Marketing', 'Bachelor of Commerce in Marketing', 'UDBS', 4, 'A=5, B=4, C=3, D=2, E=1'),
('BCom Gen Mgt', 'Bachelor of Commerce in General Management', 'UDBS', 4, 'A=5, B=4, C=3, D=2, E=1'),
('BEd', 'Bachelor of Education', 'SoED', 4, 'A=5, B=4, C=3, D=2, E=1'),
('MD', 'Doctor of Medicine', 'UDSM-MCHAS', 6, 'A=5, B=4, C=3, D=2, E=1'),
('LLB', 'Bachelor of Laws', 'UDSOL', 4, 'A=5, B=4, C=3, D=2, E=1'),
('BA Economics', 'Bachelor of Arts in Economics', 'UDSE', 4, 'A=5, B=4, C=3, D=2, E=1'),
('BA Journ & Mass Comm', 'Bachelor of Arts in Journalism and Mass Communication', 'SJMC', 4, 'A=5, B=4, C=3, D=2, E=1'),
('BA Dev Studies', 'Bachelor of Arts in Development Studies', 'IDS', 4, 'A=5, B=4, C=3, D=2, E=1'),
('BA Kiswahili', 'Bachelor of Arts in Kiswahili', 'IKS', 4, 'A=5, B=4, C=3, D=2, E=1'),
('BSc Marine Sci', 'Bachelor of Science in Marine Sciences', 'IMS', 4, 'A=5, B=4, C=3, D=2, E=1'),
('BSc Geol', 'Bachelor of Science in Geology', 'SoMG', 4, 'A=5, B=4, C=3, D=2, E=1'),
('BSc Min Eng', 'Bachelor of Science in Mining Engineering', 'SoMG', 4, 'A=5, B=4, C=3, D=2, E=1'),
('BSc Petroleum Eng', 'Bachelor of Science in Petroleum Engineering', 'SoMG', 4, 'A=5, B=4, C=3, D=2, E=1'),
('BSc Min Proc Eng', 'Bachelor of Science in Mining and Mineral Processing Engineering', 'UDSM-MRI', 4, 'A=5, B=4, C=3, D=2, E=1'),
('BA Ed', 'Bachelor of Arts with Education', 'DUCE', 4, 'A=5, B=4, C=3, D=2, E=1'),
('BEd Arts', 'Bachelor of Education in Arts', 'DUCE', 4, 'A=5, B=4, C=3, D=2, E=1'),
('BEd Sci', 'Bachelor of Education in Science', 'DUCE', 4, 'A=5, B=4, C=3, D=2, E=1'),
('BEd Arts', 'Bachelor of Education in Arts', 'MUCE', 4, 'A=5, B=4, C=3, D=2, E=1'),
('BEd Sci', 'Bachelor of Education in Science', 'MUCE', 4, 'A=5, B=4, C=3, D=2, E=1'),
('BA Ed', 'Bachelor of Arts with Education', 'MUCE', 4, 'A=5, B=4, C=3, D=2, E=1'),
('BSc Ed', 'Bachelor of Science with Education', 'MUCE', 4, 'A=5, B=4, C=3, D=2, E=1'),
('BSc Chem', 'Bachelor of Science in Chemistry', 'MUCE', 4, 'A=5, B=4, C=3, D=2, E=1'),
('BCom Accounting', 'Bachelor of Commerce in Accounting', 'COBE', 4, 'A=5, B=4, C=3, D=2, E=1'),
('BCom Procurement', 'Bachelor of Commerce in Procurement and Logistics Management', 'COBE', 4, 'A=5, B=4, C=3, D=2, E=1'),
('BSc Nursing', 'Bachelor of Science in Nursing', 'CHAS', 6, 'A=5, B=4, C=3, D=2, E=1'),
('MD', 'Doctor of Medicine', 'CHAS', 8, 'A=5, B=4, C=3, D=2, E=1'),
('LLB', 'Bachelor of Laws', 'CLGS', 4, 'A=5, B=4, C=3, D=2, E=1'),
('BSc CS', 'Bachelor of Science in Computer Science', 'CIVE', 4, 'A=5, B=4, C=3, D=2, E=1'),
('BSc Maths', 'Bachelor of Science in Mathematics', 'CNMS', 4, 'A=5, B=4, C=3, D=2, E=1'),
('BSc Ed', 'Bachelor of Science with Education', 'CED', 4, 'A=5, B=4, C=3, D=2, E=1'),
('BA Ed', 'Bachelor of Arts with Education', 'CED', 4, 'A=5, B=4, C=3, D=2, E=1'),
('BA Economics', 'Bachelor of Arts in Economics', 'CHSS', 4, 'A=5, B=4, C=3, D=2, E=1'),
('BA Sociology', 'Bachelor of Arts in Sociology', 'CHSS', 4, 'A=5, B=4, C=3, D=2, E=1'),
('BSc IT', 'Bachelor of Science in Information Technology', 'CIVE', 4, 'A=5, B=4, C=3, D=2, E=1'),
('BSc Telecom', 'Bachelor of Science in Telecommunications Engineering', 'CIVE', 4, 'A=5, B=4, C=3, D=2, E=1'),
('BSc Mining', 'Bachelor of Science in Mining Engineering', 'CESE', 4, 'A=5, B=4, C=3, D=2, E=1'),
('BSc Geology', 'Bachelor of Science in Geology', 'CESE', 4, 'A=5, B=4, C=3, D=2, E=1'),
('BBA', 'Bachelor of Business Administration', 'COBE', 4, 'A=5, B=4, C=3, D=2, E=1');
-- Insert required combinations for all courses
INSERT IGNORE INTO RequiredCombinations (courseAbbr, combination_short, combination_long) VALUES
('BSc Agric Econ & Bus', 'EGM', 'Economics, Geography, Mathematics'),
('BSc Agric Econ & Bus', 'CBA', 'Commerce, Bookkeeping, Accountancy'),
('BSc Agric Econ & Bus', 'ECA', 'Economics, Commerce, Accountancy'),
('BSc Agric Eng', 'PCM', 'Physics, Chemistry, Mathematics'),
('BSc Agric Eng', 'CBG', 'Chemistry, Biology, Geography'),
('BSc Crop Sci & Beekeeping', 'CBG', 'Chemistry, Biology, Geography'),
('BSc Crop Sci & Beekeeping', 'CBN', 'Chemistry, Biology, Nutrition'),
('BSc Food Sci & Tech', 'CBG', 'Chemistry, Biology, Geography'),
('BSc Food Sci & Tech', 'CBN', 'Chemistry, Biology, Nutrition'),
('BSc Civil Eng', 'PCM', 'Physics, Chemistry, Mathematics'),
('BSc Civil Eng', 'PGM', 'Physics, Geography, Mathematics'),
('BSc Electrical Eng', 'PCM', 'Physics, Chemistry, Mathematics'),
('BSc Electrical Eng', 'PGM', 'Physics, Geography, Mathematics'),
('BSc Chem & Proc Eng', 'PCM', 'Physics, Chemistry, Mathematics'),
('BSc Chem & Proc Eng', 'CBG', 'Chemistry, Biology, Geography'),
('BSc Mech & Ind Eng', 'PCM', 'Physics, Chemistry, Mathematics'),
('BSc Mech & Ind Eng', 'PGM', 'Physics, Geography, Mathematics'),
('BA Creative Arts', 'HGL', 'History, Geography, Language'),
('BA Creative Arts', 'HKL', 'History, Kiswahili, Language'),
('BA Lang & Ling', 'HGL', 'History, Geography, Language'),
('BA Lang & Ling', 'KLF', 'Kiswahili, Language, French'),
('BSc Comp Sci', 'PCM', 'Physics, Chemistry, Mathematics'),
('BSc Comp Sci', 'PGM', 'Physics, Geography, Mathematics'),
('BSc Elec & Telecomm Eng', 'PCM', 'Physics, Chemistry, Mathematics'),
('BSc Elec & Telecomm Eng', 'PGM', 'Physics, Geography, Mathematics'),
('BSc Botany', 'CBG', 'Chemistry, Biology, Geography'),
('BSc Botany', 'CBN', 'Chemistry, Biology, Nutrition'),
('BSc Chemistry', 'PCM', 'Physics, Chemistry, Mathematics'),
('BSc Chemistry', 'CBG', 'Chemistry, Biology, Geography'),
('BSc Petroleum Chem', 'PCM', 'Physics, Chemistry, Mathematics'),
('BSc Petroleum Chem', 'CBG', 'Chemistry, Biology, Geography'),
('BSc Mathematics', 'PCM', 'Physics, Chemistry, Mathematics'),
('BSc Mathematics', 'PGM', 'Physics, Geography, Mathematics'),
('BSc Mol Bio & Biotech', 'CBG', 'Chemistry, Biology, Geography'),
('BSc Mol Bio & Biotech', 'CBN', 'Chemistry, Biology, Nutrition'),
('BSc Physics', 'PCM', 'Physics, Chemistry, Mathematics'),
('BSc Physics', 'PGM', 'Physics, Geography, Mathematics'),
('BSc Zoo & Wildlife Cons', 'CBG', 'Chemistry, Biology, Geography'),
('BSc Zoo & Wildlife Cons', 'CBN', 'Chemistry, Biology, Nutrition'),
('BA Geography', 'HGE', 'History, Geography, Economics'),
('BA Geography', 'PGM', 'Physics, Geography, Mathematics'),
('BA Pol Sci & Pub Admin', 'HGL', 'History, Geography, Language'),
('BA Pol Sci & Pub Admin', 'HGE', 'History, Geography, Economics'),
('BA Sociology', 'HGL', 'History, Geography, Language'),
('BA Sociology', 'HKL', 'History, Kiswahili, Language'),
('BA Statistics', 'EGM', 'Economics, Geography, Mathematics'),
('BA Statistics', 'PCM', 'Physics, Chemistry, Mathematics'),
('BSc Aquatic Sci & Fisheries', 'CBG', 'Chemistry, Biology, Geography'),
('BSc Aquatic Sci & Fisheries', 'CBN', 'Chemistry, Biology, Nutrition'),
('BCom Accounting', 'EGM', 'Economics, Geography, Mathematics'),
('BCom Accounting', 'ECA', 'Economics, Commerce, Accountancy'),
('BCom Finance', 'EGM', 'Economics, Geography, Mathematics'),
('BCom Finance', 'ECA', 'Economics, Commerce, Accountancy'),
('BCom Marketing', 'EGM', 'Economics, Geography, Mathematics'),
('BCom Marketing', 'ECA', 'Economics, Commerce, Accountancy'),
('BCom Gen Mgt', 'EGM', 'Economics, Geography, Mathematics'),
('BCom Gen Mgt', 'ECA', 'Economics, Commerce, Accountancy'),
('BEd', 'HGL', 'History, Geography, Language'),
('BEd', 'HKL', 'History, Kiswahili, Language'),
('MD', 'PCB', 'Physics, Chemistry, Biology'),
('MD', 'CBM', 'Chemistry, Biology, Mathematics'),
('LLB', 'HGL', 'History, Geography, Language'),
('LLB', 'HKL', 'History, Kiswahili, Language'),
('BA Economics', 'EGM', 'Economics, Geography, Mathematics'),
('BA Economics', 'ECA', 'Economics, Commerce, Accountancy'),
('BA Journ & Mass Comm', 'HGL', 'History, Geography, Language'),
('BA Journ & Mass Comm', 'HKL', 'History, Kiswahili, Language'),
('BA Dev Studies', 'HGL', 'History, Geography, Language'),
('BA Dev Studies', 'HGE', 'History, Geography, Economics'),
('BA Kiswahili', 'HKL', 'History, Kiswahili, Language'),
('BA Kiswahili', 'KLF', 'Kiswahili, Language, French'),
('BSc Marine Sci', 'CBG', 'Chemistry, Biology, Geography'),
('BSc Marine Sci', 'PCB', 'Physics, Chemistry, Biology'),
('BSc Geol', 'PCM', 'Physics, Chemistry, Mathematics'),
('BSc Geol', 'CBG', 'Chemistry, Biology, Geography'),
('BSc Min Eng', 'PCM', 'Physics, Chemistry, Mathematics'),
('BSc Min Eng', 'PGM', 'Physics, Geography, Mathematics'),
('BSc Petroleum Eng', 'PCM', 'Physics, Chemistry, Mathematics'),
('BSc Petroleum Eng', 'CBG', 'Chemistry, Biology, Geography'),
('BSc Min Proc Eng', 'PCM', 'Physics, Chemistry, Mathematics'),
('BSc Min Proc Eng', 'CBG', 'Chemistry, Biology, Geography'),
('BA Ed', 'HGL', 'History, Geography, Language'),
('BA Ed', 'HKL', 'History, Kiswahili, Language'),
('BEd Arts', 'HGL', 'History, Geography, Language'),
('BEd Arts', 'HKL', 'History, Kiswahili, Language'),
('BEd Sci', 'PCM', 'Physics, Chemistry, Mathematics'),
('BEd Sci', 'CBG', 'Chemistry, Biology, Geography'),
('BSc Chem', 'PCM', 'Physics, Chemistry, Mathematics'),
('BSc Chem', 'CBG', 'Chemistry, Biology, Geography'),
('BCom Procurement', 'EGM', 'Economics, Geography, Mathematics'),
('BCom Procurement', 'ECA', 'Economics, Commerce, Accountancy'),
('BSc Nursing', 'PCB', 'Physics, Chemistry, Biology'),
('BSc Nursing', 'CBN', 'Chemistry, Biology, Nutrition'),
('BSc CS', 'PCM', 'Physics, Chemistry, Mathematics'),
('BSc CS', 'PGM', 'Physics, Geography, Mathematics'),
('BSc Maths', 'PCM', 'Physics, Chemistry, Mathematics'),
('BSc Maths', 'PGM', 'Physics, Geography, Mathematics'),
('BSc IT', 'PCM', 'Physics, Chemistry, Mathematics'),
('BSc IT', 'PGM', 'Physics, Geography, Mathematics'),
('BSc Telecom', 'PCM', 'Physics, Chemistry, Mathematics'),
('BSc Telecom', 'PGM', 'Physics, Geography, Mathematics'),
('BBA', 'EGM', 'Economics, Geography, Mathematics'),
('BBA', 'ECA', 'Economics, Commerce, Accountancy');

-- Insert specific requirements for all courses
INSERT IGNORE INTO SpecificRequirements (courseAbbr, subject, grade) VALUES
('BSc Agric Econ & Bus', 'Economics', 'C'),
('BSc Agric Econ & Bus', 'Mathematics', 'D'),
('BSc Agric Eng', 'Mathematics', 'C'),
('BSc Agric Eng', 'Physics', 'C'),
('BSc Crop Sci & Beekeeping', 'Biology', 'C'),
('BSc Crop Sci & Beekeeping', 'Chemistry', 'C'),
('BSc Food Sci & Tech', 'Chemistry', 'C'),
('BSc Food Sci & Tech', 'Biology', 'C'),
('BSc Civil Eng', 'Mathematics', 'C'),
('BSc Civil Eng', 'Physics', 'C'),
('BSc Electrical Eng', 'Mathematics', 'C'),
('BSc Electrical Eng', 'Physics', 'C'),
('BSc Chem & Proc Eng', 'Chemistry', 'C'),
('BSc Chem & Proc Eng', 'Mathematics', 'C'),
('BSc Mech & Ind Eng', 'Mathematics', 'C'),
('BSc Mech & Ind Eng', 'Physics', 'C'),
('BA Creative Arts', 'English', 'C'),
('BA Creative Arts', 'History', 'D'),
('BA Lang & Ling', 'English', 'C'),
('BA Lang & Ling', 'Kiswahili', 'D'),
('BSc Comp Sci', 'Mathematics', 'C'),
('BSc Comp Sci', 'Physics', 'D'),
('BSc Elec & Telecomm Eng', 'Mathematics', 'C'),
('BSc Elec & Telecomm Eng', 'Physics', 'C'),
('BSc Botany', 'Biology', 'C'),
('BSc Botany', 'Chemistry', 'C'),
('BSc Chemistry', 'Chemistry', 'C'),
('BSc Chemistry', 'Mathematics', 'D'),
('BSc Petroleum Chem', 'Chemistry', 'C'),
('BSc Petroleum Chem', 'Mathematics', 'D'),
('BSc Mathematics', 'Mathematics', 'C'),
('BSc Mathematics', 'Physics', 'D'),
('BSc Mol Bio & Biotech', 'Biology', 'C'),
('BSc Mol Bio & Biotech', 'Chemistry', 'C'),
('BSc Physics', 'Physics', 'C'),
('BSc Physics', 'Mathematics', 'C'),
('BSc Zoo & Wildlife Cons', 'Biology', 'C'),
('BSc Zoo & Wildlife Cons', 'Geography', 'D'),
('BA Geography', 'Geography', 'C'),
('BA Geography', 'History', 'D'),
('BA Pol Sci & Pub Admin', 'History', 'C'),
('BA Pol Sci & Pub Admin', 'English', 'D'),
('BA Sociology', 'History', 'D'),
('BA Sociology', 'English', 'D'),
('BA Statistics', 'Mathematics', 'C'),
('BA Statistics', 'Economics', 'D'),
('BSc Aquatic Sci & Fisheries', 'Biology', 'C'),
('BSc Aquatic Sci & Fisheries', 'Chemistry', 'C'),
('BCom Accounting', 'Mathematics', 'D'),
('BCom Accounting', 'Economics', 'C'),
('BCom Finance', 'Mathematics', 'D'),
('BCom Finance', 'Economics', 'C'),
('BCom Marketing', 'Mathematics', 'D'),
('BCom Marketing', 'Economics', 'C'),
('BCom Gen Mgt', 'Mathematics', 'D'),
('BCom Gen Mgt', 'Economics', 'C'),
('BEd', 'English', 'C'),
('BEd', 'History', 'D'),
('MD', 'Chemistry', 'B'),
('MD', 'Biology', 'B'),
('MD', 'Physics', 'C'),
('LLB', 'English', 'C'),
('LLB', 'History', 'C'),
('BA Economics', 'Economics', 'C'),
('BA Economics', 'Mathematics', 'D'),
('BA Journ & Mass Comm', 'English', 'C'),
('BA Journ & Mass Comm', 'History', 'D'),
('BA Dev Studies', 'History', 'C'),
('BA Dev Studies', 'Geography', 'D'),
('BA Kiswahili', 'Kiswahili', 'C'),
('BA Kiswahili', 'English', 'D'),
('BSc Marine Sci', 'Biology', 'C'),
('BSc Marine Sci', 'Chemistry', 'C'),
('BSc Geol', 'Chemistry', 'C'),
('BSc Geol', 'Geography', 'D'),
('BSc Min Eng', 'Mathematics', 'C'),
('BSc Min Eng', 'Physics', 'C'),
('BSc Petroleum Eng', 'Mathematics', 'C'),
('BSc Petroleum Eng', 'Chemistry', 'C'),
('BSc Min Proc Eng', 'Mathematics', 'C'),
('BSc Min Proc Eng', 'Chemistry', 'C'),
('BA Ed', 'English', 'C'),
('BA Ed', 'History', 'D'),
('BEd Arts', 'English', 'C'),
('BEd Arts', 'History', 'D'),
('BEd Sci', 'Mathematics', 'C'),
('BEd Sci', 'Physics', 'C'),
('BSc Chem', 'Chemistry', 'C'),
('BSc Chem', 'Mathematics', 'D'),
('BCom Procurement', 'Mathematics', 'D'),
('BCom Procurement', 'Economics', 'C'),
('BSc Nursing', 'Chemistry', 'C'),
('BSc Nursing', 'Biology', 'C'),
('BSc CS', 'Mathematics', 'C'),
('BSc CS', 'Physics', 'D'),
('BSc Maths', 'Mathematics', 'C'),
('BSc Maths', 'Physics', 'D'),
('BSc IT', 'Mathematics', 'C'),
('BSc IT', 'Physics', 'D'),
('BSc Telecom', 'Mathematics', 'C'),
('BSc Telecom', 'Physics', 'C'),
('BBA', 'Mathematics', 'D'),
('BBA', 'Economics', 'C');